Name,Email,Start date,End date
Эварист Галуа,eroha@gmail.com,2022-10-02 00:00:00 UTC,2022-10-10 00:00:00 UTC
booker,booker@fred.com,2022-10-03 00:00:00 UTC,2022-10-10 00:00:00 UTC
hui,tytytyty@gh.com,2022-10-03 00:00:00 UTC,2022-10-12 00:00:00 UTC
Faker::Name,veola@kihn.io,2022-10-09 21:50:26 UTC,2022-10-09 21:50:26 UTC
Faker::Name,fredric.howell@crona.com,2022-10-09 21:50:26 UTC,2022-10-09 21:50:26 UTC
Faker::Name,vesta@wehner-boehm.name,2022-10-09 21:50:26 UTC,2022-10-09 21:50:26 UTC
Faker::Name,harriet_thompson@pagac.co,2022-10-09 21:50:26 UTC,2022-10-09 21:50:26 UTC
Faker::Name,sid@bogisich.name,2022-10-09 21:50:26 UTC,2022-10-09 21:50:26 UTC
Faker::Name,emory@armstrong.info,2022-10-09 21:50:26 UTC,2022-10-09 21:50:26 UTC
Faker::Name,marquis_kilback@bergnaum.name,2022-10-09 21:50:26 UTC,2022-10-09 21:50:26 UTC
